<?xml version="1.0" encoding="UTF-8"?>

<beans:beans xmlns="http://www.springframework.org/schema/security"
	xmlns:beans="http://www.springframework.org/schema/beans"
	xmlns:xsi="http://www.w3.org/2001/XMLSchema-instance"
	xsi:schemaLocation="http://www.springframework.org/schema/beans
           http://www.springframework.org/schema/beans/spring-beans-3.2.xsd
           http://www.springframework.org/schema/security
           http://www.springframework.org/schema/security/spring-security-3.2.xsd">

	<http use-expressions="true" auto-config='true'>
	    <intercept-url pattern="/**" access="permitAll"/>
	    <!-- <intercept-url pattern="/goLogin.do" access="isAnonymous"/> -->
	    <!-- <intercept-url pattern="/getinputrequest.do" access="isAnonymous()"/> -->


<!-- 	    <form-login 
	    login-page="/goLogin.do" 
	    default-target-url="/" 
	    authentication-failure-url="/goFoundError.do" 
	    username-parameter="tb_inputId" 
	    password-parameter="tb_inputPw" /> -->

	    <logout invalidate-session="true" logout-url="/logout.do" logout-success-url="/" />
	</http>
	
	<!-- provider -->
	<authentication-manager>
		<authentication-provider>
			<user-service>
				<user name="user" password="pass" authorities="ROLE_USER" />
			</user-service>
		</authentication-provider>
	</authentication-manager>
	
</beans:beans>