<?xml version="1.0" encoding="UTF-8"?>
<beans:beans xmlns="http://www.springframework.org/schema/mvc"
	xmlns:xsi="http://www.w3.org/2001/XMLSchema-instance"
	xmlns:beans="http://www.springframework.org/schema/beans"
	xmlns:context="http://www.springframework.org/schema/context"
	xsi:schemaLocation="http://www.springframework.org/schema/mvc http://www.springframework.org/schema/mvc/spring-mvc.xsd
		http://www.springframework.org/schema/beans http://www.springframework.org/schema/beans/spring-beans.xsd
		http://www.springframework.org/schema/context http://www.springframework.org/schema/context/spring-context.xsd">

	<!-- DispatcherServlet Context: defines this servlet's request-processing infrastructure -->
	
	<!-- Enables the Spring MVC @Controller programming model -->
	<annotation-driven />

	<!-- Handles HTTP GET requests for /resources/** by efficiently serving up static resources in the ${webappRoot}/resources directory -->
	<resources mapping="/resources/**" location="/resources/" />

	<!-- Resolves views selected for rendering by @Controllers to .jsp resources in the /WEB-INF/views directory -->
	<beans:bean class="org.springframework.web.servlet.view.InternalResourceViewResolver">
		<beans:property name="prefix" value="/WEB-INF/views/" />
		<beans:property name="suffix" value=".jsp" />
	</beans:bean>
	
	<context:component-scan base-package="com.remp.work.." />
	
	<beans:bean id="factoryDao" class="com.remp.work.model.dao.FactoryDao" factory-method="getInstance">
	<beans:constructor-arg>
         <beans:map>
            <beans:entry key="driver" value="oracle.jdbc.driver.OracleDriver"/>
            <beans:entry key="url">
               <beans:value>jdbc:oracle:thin:@localhost:1521:XE</beans:value>
            </beans:entry>
            <beans:entry key="username">
               <beans:value>hr</beans:value>
            </beans:entry>
            <beans:entry key="password">
               <beans:value>1234</beans:value>
            </beans:entry>
         </beans:map>
      </beans:constructor-arg>
      </beans:bean>
      
    <beans:bean id="multipartResolver" class="org.springframework.web.multipart.commons.CommonsMultipartResolver">
    	<beans:property name="maxUploadSize" value="100000000"/>
        <beans:property name="maxInMemorySize" value="100000000"/>
	</beans:bean>
	
	<beans:bean id="jsonView" class="org.springframework.web.servlet.view.json.MappingJackson2JsonView"> 
		<beans:property name="contentType" value="text/plain;charset=UTF-8" /> 
	</beans:bean>

</beans:beans>
